1,tmall.com
2,youtube.com
3,facebook.com
4,google.com
5,baidu.com
6,qq.com
7,sohu.com
8,taobao.com
9,yahoo.com
10,360.cn
11,jd.com
12,amazon.com
13,zoom.us
14,wikipedia.org
15,sina.com.cn
16,weibo.com
17,live.com
18,reddit.com
19,microsoft.com
20,xinhuanet.com
21,netflix.com
22,office.com
23,okezone.com
24,vk.com
25,microsoftonline.com
26,csdn.net
27,instagram.com
28,myshopify.com
29,alipay.com
30,yahoo.co.jp
31,panda.tv
32,naver.com
33,zhanqi.tv
34,twitch.tv
35,google.com.hk
36,stackoverflow.com
37,bing.com
38,ebay.com
39,adobe.com
40,aliexpress.com
41,amazon.in
42,apple.com
43,china.com.cn
44,amazon.co.jp
45,tianya.cn
46,google.co.in
47,yandex.ru
48,tribunnews.com
49,twitter.com
50,instructure.com
51,dropbox.com
52,mail.ru
53,linkedin.com
54,sogou.com
55,msn.com
56,google.cn
57,huanqiu.com
58,1688.com
59,wordpress.com
60,ok.ru
61,aparat.com
62,amazonaws.com
63,google.com.br
64,espn.com
65,alibaba.com
66,whatsapp.com
67,google.de
68,imdb.com
69,amazon.de
70,etsy.com
71,imgur.com
72,kompas.com
73,rakuten.co.jp
74,cnn.com
75,detik.com
76,spotify.com
77,freepik.com
78,bbc.com
79,jrj.com.cn
80,amazon.co.uk
81,ettoday.net
82,flipkart.com
83,nytimes.com
84,pixnet.net
85,udemy.com
86,aliyun.com
87,thestartmagazine.com
88,bilibili.com
89,okta.com
90,google.fr
91,so.com
92,google.ru
93,babytree.com
94,soundcloud.com
95,grid.id
96,booking.com
97,wetransfer.com
98,padlet.com
99,canva.com
100,discord.com
